year,thumbnail
1987,Logo-omm.png
1988,Logo-omm.png
1989,Logo-omm.png
1990,Logo-omm.png
1991,Logo-omm.png
1992,Logo-omm.png
1993,Logo-omm.png
1994,Logo-omm.png
1995,Logo-omm.png
1996,Logo-omm.png
1997,Logo-omm.png
1998,Logo-omm.png
1999,Logo-omm.png
2000,Logo-omm.png
2001,Logo-omm.png
2002,Logo-omm.png
2003,Logo-omm.png
2004,Logo-omm.png
2005,Logo-omm.png
2006,Logo-omm.png
2007,Logo-omm.png
2008,Logo-omm.png
2009,Logo-omm.png
2010,Logo-omm.png
2011,Logo-omm.png
2012,Logo-omm.png
2013,Logo-omm.png
2014,Logo-omm.png
2015,Logo-omm.png
2016,Logo-omm.png
2017,Logo-omm.png
2018,Logo-omm.png
2019,Logo-omm.png
2020,Logo-omm.png
2021,Logo-omm.png
